/*sifra: 123*/INSERT INTO users (role, id, activation_url, city, country, latitude, longitude, street_and_num, username,        enabled, last_name, last_password_reset_date, name, password, phone_num,reason_for_deleting,changed_password, is_predefined, registration_reason) values ('ADMIN',1,null, 'Novi Sad','Serbia',45.267136,19.833549, 'Ljubice Ravasi 2a','dajanazlokapa1@gmail.com',true, 'Zlokapa','2022-01-04 15:31:53.899','Dajana','$2a$04$Vbug2lwwJGrvUXTj6z7ff.97IzVBkrJ1XfApfGNl.Z695zqcnPYra','+3810616789856','',true,true,null);
/*sifra: 123*/INSERT INTO users (role, id, activation_url, city, country, latitude, longitude, street_and_num, username,       enabled, last_name, last_password_reset_date, name, password, phone_num,reason_for_deleting,current_points,rank_type, is_predefined, registration_reason,rating) values ('CABINOWNER',2,null, 'Novi Sad','Serbia',45.267136,19.833549, 'ULICA','co@gmail.com',true, 'Vlasnik','2022-01-04 15:31:53.899','Vikendice','$2a$04$Vbug2lwwJGrvUXTj6z7ff.97IzVBkrJ1XfApfGNl.Z695zqcnPYra','+3810616789856','',0,0,null,'Da zaradim malo.',5.0);
/*sifra: 123*/INSERT INTO users (role, id, activation_url, city, country, latitude, longitude, street_and_num, username,       enabled, last_name, last_password_reset_date, name, password, phone_num,reason_for_deleting,current_points,rank_type, is_predefined, registration_reason,rating) values ('CABINOWNER',7,null, 'Beograd','Serbia',45.267136,19.833549, 'ULICA','co.bg@gmail.com',true, 'Vlasnik','2022-01-04 15:31:53.899','Vikendice','$2a$04$Vbug2lwwJGrvUXTj6z7ff.97IzVBkrJ1XfApfGNl.Z695zqcnPYra','+3810616789856','',0,0,null,'Da zaradim malo.',5.0);
/*sifra: 123*/INSERT INTO users (role, id, activation_url, city, country, latitude, longitude, street_and_num, username,        enabled, last_name, last_password_reset_date, name, password, phone_num,reason_for_deleting,current_points,rank_type, is_predefined, registration_reason) values ('BOATOWNER',3,null, 'Novi Sad','Serbia',45.267136,19.833549, 'ULICA','bo@gmail.com',true, 'Vlasnik','2022-01-04 15:31:53.899','Broda','$2a$04$Vbug2lwwJGrvUXTj6z7ff.97IzVBkrJ1XfApfGNl.Z695zqcnPYra','+3810616789856','',0,0,null,'Da zaradim malo i ja kad vec imam brod.');
/*sifra: 123*/INSERT INTO users (role, id, activation_url, city, country, latitude, longitude, street_and_num, username,        enabled, last_name, last_password_reset_date, name, password, phone_num,reason_for_deleting,current_points,rank_type, is_predefined, registration_reason) values ('BOATOWNER',8,null, 'Novi Sad','Serbia',45.267136,19.833549, 'ULICA','didi@gmail.com',true, 'Dijana','2022-01-04 15:31:53.899','Jankovic','$2a$04$Vbug2lwwJGrvUXTj6z7ff.97IzVBkrJ1XfApfGNl.Z695zqcnPYra','+3810616789856','',0,0,null,'Da zaradim malo i ja kad vec imam brod.');
/*sifra: 123*/INSERT INTO users (role, id, activation_url, city, country, latitude, longitude, street_and_num, username,rating, enabled, last_name, last_password_reset_date, name, password, phone_num,reason_for_deleting,current_points,rank_type, is_predefined, registration_reason) values ('FISHINGINSTRUCTOR',4,null, 'Novi Sad','Serbia',45.267136,19.833549, 'ULICA','fi@gmail.com', 4.5,true, 'Filip','2022-01-04 15:31:53.899','Jovanovic','$2a$04$Vbug2lwwJGrvUXTj6z7ff.97IzVBkrJ1XfApfGNl.Z695zqcnPYra','+3810616789856','',0,0,null,'Da zaradim malo iako ne znam da pecam.');
/*sifra: 123*/INSERT INTO users (role, id, activation_url, city, country, latitude, longitude, street_and_num, username,rating, enabled, last_name, last_password_reset_date, name, password, phone_num,reason_for_deleting,current_points,rank_type, is_predefined, registration_reason) values ('FISHINGINSTRUCTOR',9,null, 'Beograd','Serbia',45.267136,19.833549, 'ULICA','fi2@gmail.com', 4.5,true, 'Marko','2022-01-04 15:31:53.899','Petrovic','$2a$04$Vbug2lwwJGrvUXTj6z7ff.97IzVBkrJ1XfApfGNl.Z695zqcnPYra','+3810616789856','',0,0,null,'Da zaradim malo iako ne znam da pecam.');
/*sifra: 123*/INSERT INTO users (role, id, activation_url, city, country, latitude, longitude, street_and_num, username,         enabled, last_name, last_password_reset_date, name, password, phone_num,reason_for_deleting,changed_password, is_predefined, registration_reason) values ('ADMIN',5,null, 'Novi Sad','Serbia',45.267136,19.833549, 'Bilo sta','proba@gmail.com',true, 'ZPrezime','2022-01-04 15:31:53.899','Ime','$2a$04$Vbug2lwwJGrvUXTj6z7ff.97IzVBkrJ1XfApfGNl.Z695zqcnPYra','+3810616789856','',false,false,null);
/*sifra: 123*/INSERT INTO users (role, id, activation_url, city, country, latitude, longitude, street_and_num, username,         enabled, last_name, last_password_reset_date, name, password, phone_num,reason_for_deleting,current_points,rank_type, is_predefined) values ('CLIENT',6,null, 'Novi Sad','Serbia',45.267136,19.833549, 'ULICA','micka@gmail.com', true, 'Jana','2022-01-04 15:31:53.899','Todorovic','$2a$04$Vbug2lwwJGrvUXTj6z7ff.97IzVBkrJ1XfApfGNl.Z695zqcnPYra','+3810616789856','',0,0,null);
/*sifra: 123*/INSERT INTO users (role, id, activation_url, city, country, latitude, longitude, street_and_num, username,         enabled, last_name, last_password_reset_date, name, password, phone_num,reason_for_deleting,current_points,rank_type, is_predefined) values ('CLIENT',10,null, 'Novi Sad','Serbia',45.267136,19.833549, 'ULICA','jana@gmail.com', true, 'Milica','2022-01-04 15:31:53.899','Pavlovic','$2a$04$Vbug2lwwJGrvUXTj6z7ff.97IzVBkrJ1XfApfGNl.Z695zqcnPYra','+3810616789856','',0,0,null);
/*sifra: 123*/INSERT INTO users (role, id, activation_url, city, country, latitude, longitude, street_and_num, username,         enabled, last_name, last_password_reset_date, name, password, phone_num,reason_for_deleting,current_points,rank_type, is_predefined) values ('CLIENT',11,null, 'Novi Sad','Serbia',45.267136,19.833549, 'ULICA','cl@gmail.com', true, 'Rasta','2022-01-04 15:31:53.899','Nikolic','$2a$04$Vbug2lwwJGrvUXTj6z7ff.97IzVBkrJ1XfApfGNl.Z695zqcnPYra','+3810616789856','',0,0,null);

INSERT INTO AUTHORITY (id ,name) VALUES (1, 'ROLE_ADMIN');
INSERT INTO AUTHORITY (id ,name) VALUES (2, 'ROLE_CABINOWNER');
INSERT INTO AUTHORITY (id ,name) VALUES (3, 'ROLE_BOATOWNER');
INSERT INTO AUTHORITY (id ,name) VALUES (4, 'ROLE_FISHING_INSTRUCTOR');
INSERT INTO AUTHORITY (id ,name) VALUES (6, 'ROLE_CLIENT');
INSERT INTO RANK (id ,discount_percentage,points,rank) VALUES (1, 0,0,0);
INSERT INTO RANK (id ,discount_percentage,points,rank) VALUES (2, 10,100,1);
INSERT INTO RANK (id ,discount_percentage,points,rank) VALUES (3, 20,250,2);

INSERT INTO RESERVATION_POINTS (id ,app_profit_percentage,cancelation_fee_percentage,client_points,owner_points) VALUES (1, 3,2,1,1);


INSERT INTO USER_AUTHORITY (user_id, authority_id) VALUES (1, 1);
INSERT INTO USER_AUTHORITY (user_id, authority_id) VALUES (2, 2);
INSERT INTO USER_AUTHORITY (user_id, authority_id) VALUES (3, 3);
INSERT INTO USER_AUTHORITY (user_id, authority_id) VALUES (4, 4);
INSERT INTO USER_AUTHORITY (user_id, authority_id) VALUES (5, 1);
INSERT INTO USER_AUTHORITY (user_id, authority_id) VALUES (6, 6);
INSERT INTO USER_AUTHORITY (user_id, authority_id) VALUES (7, 2);
INSERT INTO USER_AUTHORITY (user_id, authority_id) VALUES (8, 3);
INSERT INTO USER_AUTHORITY (user_id, authority_id) VALUES (9, 4);
INSERT INTO USER_AUTHORITY (user_id, authority_id) VALUES (10, 6);
INSERT INTO USER_AUTHORITY (user_id, authority_id) VALUES (11, 6);

/*
INSERT INTO USER_AUTHORITY (user_id, authority_id) VALUES (3, 1);*/

INSERT INTO cabin (id, city, country, latitude, longitude, street_and_num, beds_per_room, canceling_conditions, description, name, num_of_rooms, price, rating, rules, users_id) VALUES (1, 'Futog', 'Serbia', 19.70209747623802, 45.2380879559517, 'Cara Lazara 7', 1, 'NOT FREE', 'Modern enterior.', 'Scandinavian cabin', 2, 50, 0, 'No pets. ', 2);
INSERT INTO cabin (id, city, country, latitude, longitude, street_and_num, beds_per_room, canceling_conditions, description, name, num_of_rooms, price, rating, rules, users_id) VALUES (2, 'Stara Pazova', 'Serbia', 20.286003649944078, 44.9576790966988, 'Ribarska 11', 3, 'FREE', 'Riverside cabin. Fishing paradise.', 'Rustic river cabin', 1, 100, 0, 'No rules.', 2);
INSERT INTO cabin (id, city, country, latitude, longitude, street_and_num, beds_per_room, canceling_conditions, description, name, num_of_rooms, price, rating, rules, users_id) VALUES (3, 'Kovin ', 'Serbia', 20.980619814575245, 44.73054505989905, 'Krecanska 11', 2, 'NOT FREE', 'Resort away from the city noise.', 'Riverside cottage', 3, 210, 0, 'No loud music.', 7);
INSERT INTO cabin (id, city, country, latitude, longitude, street_and_num, beds_per_room, canceling_conditions, description, name, num_of_rooms, price, rating, rules, users_id) VALUES (4, 'Smederevo ', 'Serbia', 20.934652609760892, 44.67288305649467, 'Djure Strugara 11', 1, 'FREE', 'Lots of space for fishing equipment.', 'Little fishing house', 2, 25, 0, 'No smoking. ', 7);

INSERT INTO boat (id, city, country, latitude, longitude, street_and_num, canceling_condition, description, engine_code, engine_power, fishing_equipment, length, max_people, max_speed, name, navigation_equipment, price, rating, rules, type, users_id) VALUES (1, 'Belgrade', 'Serbia', 20.449263181052668, 44.81634586374156, 'Dunavski kej 5b', 'NOT FREE', 'Luxury fishing yacht.', 'DF4656', '23452', 'Hooks, lines, sinkers, floats, rods, reels.', 35, 15, '32133', 'Fishing yacht', 'GPS', 300, 0, 'No rules.', 'yacht', 8);
INSERT INTO boat (id, city, country, latitude, longitude, street_and_num, canceling_condition, description, engine_code, engine_power, fishing_equipment, length, max_people, max_speed, name, navigation_equipment, price, rating, rules, type, users_id) VALUES (2, 'Petrovaradin', 'Serbia', 19.862343371623766, 45.238477211535, 'Ribnjak Donji put 51a', 'NOT FREE', 'The best boat for fishing trips.', 'mercury', '2560', 'Lures, spears, nets, gaffs, traps, waders and tackle boxes.', 35, 5, '3324', 'Boston whaler', 'Radar, gyro compas,echo sounder.', 150, 0, 'No rules.', 'fishing boat', 3);
INSERT INTO boat (id, city, country, latitude, longitude, street_and_num, canceling_condition, description, engine_code, engine_power, fishing_equipment, length, max_people, max_speed, name, navigation_equipment, price, rating, rules, type, users_id) VALUES (3, 'Smederevo ', 'Serbia', 20.933783791650026, 44.673293602502106, 'Djure Strugara 13', 'NOT FREE', 'The best.', 'A578', '12333', 'Spears, nets, gaffs, traps, waders and tackle boxes.', 18, 6, '3213', 'Jarrett Bay 46', 'GPS, gyro compass, ata', 200, 0, 'No non-swimmers.', 'Jarrett Bay 46', 3);
INSERT INTO boat (id, city, country, latitude, longitude, street_and_num, canceling_condition, description, engine_code, engine_power, fishing_equipment, length, max_people, max_speed, name, navigation_equipment, price, rating, rules, type, users_id) VALUES (4, 'Backa Palanka', 'Serbia', 19.44958359073996, 45.23182818302515, 'Crkvenoskolska 11', 'FREE', 'Luxurious fishing boat.', 'DSF23', '3211', 'Hooks,lines,sinkers,floats,rods,waders and tackle boxes.', 13, 10, '3333', 'Regulator 37', 'GPS,Radar,Magnetic Compass,ARPA', 97, 0, 'No special rules.', 'Regulator 37', 3);

INSERT INTO adventure (id, city, country, latitude, longitude, street_and_num, canceling_condition, description, equipment, instructors_biography, max_people, name, price, rules, users_id) VALUES (1, 'Kovin ', 'Serbia', 21.1158834777415, 44.74496215218308, 'Dunavska 3', 'NOT FREE', 'The best adventure.', 'Hooks, lines, sinkers, floats, rods, reels, baits, lures, spears, nets.', 'Licensed fishing instructor with 30 years of experience.', 5, 'Gepard fish adventure', 200, 'No non-swimmers.', 4);
INSERT INTO adventure (id, city, country, latitude, longitude, street_and_num, canceling_condition, description, equipment, instructors_biography, max_people, name, price, rules, users_id) VALUES (2, 'Kostolac', 'Serbia', 21.16904786256799, 44.71575022220559, 'Dunavska 7A', 'FREE', 'Fishing classes safe for kids.', 'Hooks, lines, sinkers, floats, rods, reels, baits.', 'Licensed fishing instructor with 30 years of experience.', 10, 'Teaching kids how to fish', 150, 'No special rules.', 4);
INSERT INTO adventure (id, city, country, latitude, longitude, street_and_num, canceling_condition, description, equipment, instructors_biography, max_people, name, price, rules, users_id) VALUES (3, 'Bajina Basta ', 'Serbia', 19.396795367345533, 43.88933175347052, 'Zaovine', 'FREE', 'Fun adventure for all ages.', 'Hooks, lines, sinkers, floats.', 'Licensed instructor. ', 3, 'Carp Fishing Tour', 70, 'No non-swimmers. No kids.', 9);
INSERT INTO adventure (id, city, country, latitude, longitude, street_and_num, canceling_condition, description, equipment, instructors_biography, max_people, name, price, rules, users_id) VALUES (4, 'Smederevo ', 'Serbia', 20.933046702303997, 44.671871390896925, 'Djure Strugara 5', 'FREE', 'The most visited adventure.', 'Reels, baits, lures, spears, nets, gaffs.', 'Liscensed fishing instructor.', 10, 'Familly fishing', 100, 'No rules.', 9);


INSERT INTO services (id, name, price) VALUES (1, 'WiFi', 2);
INSERT INTO services (id, name, price) VALUES (2, 'TV', 5);
INSERT INTO services (id, name, price) VALUES (3, 'Parking', 0);
INSERT INTO services (id, name, price) VALUES (4, 'WiFi', 11);
INSERT INTO services (id, name, price) VALUES (5, 'WiFi', 0);
INSERT INTO services (id, name, price) VALUES (6, 'Air conditioning', 11);
INSERT INTO services (id, name, price) VALUES (7, 'Parking', 0);
INSERT INTO services (id, name, price) VALUES (8, 'TV', 1);
INSERT INTO services (id, name, price) VALUES (9, 'WiFi', 4);
INSERT INTO services (id, name, price) VALUES (10, 'Captain service', 50);
INSERT INTO services (id, name, price) VALUES (11, 'Air conditioning', 11);
INSERT INTO services (id, name, price) VALUES (12, 'WiFi', 4);
INSERT INTO services (id, name, price) VALUES (13, 'Captain service', 34);
INSERT INTO services (id, name, price) VALUES (14, 'WiFi', 1);
INSERT INTO services (id, name, price) VALUES (15, 'drinks', 2);
INSERT INTO services (id, name, price) VALUES (16, 'Captain service', 70);
INSERT INTO services (id, name, price) VALUES (17, 'Captain service', 50);
INSERT INTO services (id, name, price) VALUES (18, 'WiFi', 1);
INSERT INTO services (id, name, price) VALUES (19, 'fishing boat', 150);
INSERT INTO services (id, name, price) VALUES (20, 'Snacks', 10);
INSERT INTO services (id, name, price) VALUES (21, 'boat', 25);
INSERT INTO services (id, name, price) VALUES (22, 'boat', 24);

INSERT INTO cabin_services (cabin_id, service_id) VALUES (1, 1);
INSERT INTO cabin_services (cabin_id, service_id) VALUES (1, 2);
INSERT INTO cabin_services (cabin_id, service_id) VALUES (2, 3);
INSERT INTO cabin_services (cabin_id, service_id) VALUES (2, 4);
INSERT INTO cabin_services (cabin_id, service_id) VALUES (3, 5);
INSERT INTO cabin_services (cabin_id, service_id) VALUES (3, 6);
INSERT INTO cabin_services (cabin_id, service_id) VALUES (3, 7);
INSERT INTO cabin_services (cabin_id, service_id) VALUES (4, 8);
INSERT INTO cabin_services (cabin_id, service_id) VALUES (4, 9);

INSERT INTO boat_services (boat_id, service_id) VALUES (1, 10);
INSERT INTO boat_services (boat_id, service_id) VALUES (2, 11);
INSERT INTO boat_services (boat_id, service_id) VALUES (2, 12);
INSERT INTO boat_services (boat_id, service_id) VALUES (2, 13);
INSERT INTO boat_services (boat_id, service_id) VALUES (3, 14);
INSERT INTO boat_services (boat_id, service_id) VALUES (3, 15);
INSERT INTO boat_services (boat_id, service_id) VALUES (3, 16);
INSERT INTO boat_services (boat_id, service_id) VALUES (4, 17);
INSERT INTO boat_services (boat_id, service_id) VALUES (4, 18);

INSERT INTO adventure_services (adventure_id, service_id) VALUES (1, 19);
INSERT INTO adventure_services (adventure_id, service_id) VALUES (2, 20);
INSERT INTO adventure_services (adventure_id, service_id) VALUES (3, 21);
INSERT INTO adventure_services (adventure_id, service_id) VALUES (4, 22);

INSERT INTO available_period (type, id, end_date, start_date, boat_id, cabin_id, users_id) VALUES ('CabinPeriod', 1, '2022-06-16 12:20:00', '2022-04-10 12:21:00', NULL, 1, 2);
INSERT INTO available_period (type, id, end_date, start_date, boat_id, cabin_id, users_id) VALUES ('BoatPeriod', 2, '2022-07-16 12:22:00', '2022-04-10 12:24:00', 3, NULL, NULL);
INSERT INTO available_period (type, id, end_date, start_date, boat_id, cabin_id, users_id) VALUES ('InstructorPeriod', 3, '2022-07-16 12:23:00', '2022-04-10 12:24:00', NULL, NULL, 4);

INSERT INTO boat_reservation (id, end_date, evaluated, owner_wroteareport, owners_username, companys_part, owners_part, total_price, start_date, successfull, needs_captain_service, users_id, boat_id) VALUES (1, '2022-07-16 12:25:00', false, false, 'bo@gmail.com', 0.10000000000000009, 3.2333333333333334, 3.3333333333333335, '2022-07-14 12:24:00', true, false, 11, 3);
INSERT INTO boat_reservation (id, end_date, evaluated, owner_wroteareport, owners_username, companys_part, owners_part, total_price, start_date, successfull, needs_captain_service, users_id, boat_id) VALUES (4, '2022-04-10 12:25:00', false, false, 'bo@gmail.com', 0.10000000000000009, 3.2333333333333334, 3.3333333333333335, '2022-04-10 12:24:00', true, false, 11, 3);
INSERT INTO cabin_reservation (id, end_date, evaluated, owner_wroteareport, owners_username, companys_part, owners_part, total_price, start_date, successfull, users_id, cabin_id) VALUES (2, '2022-07-16 12:23:00', false, false, 'co@gmail.com', 0, 0, 0, '2022-07-14 12:22:00', true, 11, 1);
INSERT INTO cabin_reservation (id, end_date, evaluated, owner_wroteareport, owners_username, companys_part, owners_part, total_price, start_date, successfull, users_id, cabin_id) VALUES (3, '2022-04-16 12:21:00', false, false, 'co@gmail.com', 1.5, 48.5, 50, '2022-04-15 12:21:00', true, 11, 1);


INSERT INTO adventure_reservation (id, end_date, evaluated, owner_wroteareport, owners_username, companys_part, owners_part, total_price, start_date, successfull, users_id, adventure_id, instructors_id) VALUES (4, '2022-04-10 12:26:00', false, false, 'fi@gmail.com', 0.10000000000000009, 3.2333333333333334, 3.3333333333333335, '2022-04-10 12:25:00', true, 11, 1, 4);
INSERT INTO adventure_reservation (id, end_date, evaluated, owner_wroteareport, owners_username, companys_part, owners_part, total_price, start_date, successfull, users_id, adventure_id, instructors_id) VALUES (5, '2022-04-10 12:28:00', false, false, 'fi@gmail.com', 0.10000000000000009, 3.2333333333333334, 3.3333333333333335, '2022-04-10 12:27:00', true, 6, 1, 4);
INSERT INTO adventure_reservation (id, end_date, evaluated, owner_wroteareport, owners_username, companys_part, owners_part, total_price, start_date, successfull, users_id, adventure_id, instructors_id) VALUES (6, '2022-04-10 12:34:00', false, false, 'fi@gmail.com', 0.40000000000000036, 12.933333333333334, 13.333333333333334, '2022-04-10 12:30:00', true, 10, 1, 4);

